case_id,condition,reference_label,ai_prediction,ai_confidence,ai_correct,clinician_initial,clinician_initial_confidence,initial_correct,ai_revealed,explanation_opened,clinician_final,clinician_final_confidence,final_correct,decision_switched,ai_agreement_final,decision_time_sec,synthetic
SIM-C00001,ai_plus_explanation,2,2,0.785,1,2,0.641,1,1,1,2,0.666,1,0,1,40.0,1
SIM-C00002,ai_plus_explanation,0,0,0.737,1,0,0.756,1,1,0,0,0.784,1,0,1,23.8,1
SIM-C00003,ai_prediction,4,4,0.857,1,4,0.779,1,1,0,4,0.703,1,0,1,34.7,1
SIM-C00004,no_ai,2,2,0.782,1,2,0.643,1,0,0,2,0.643,1,0,1,24.5,1
SIM-C00005,ai_plus_explanation,0,0,0.772,1,2,0.587,0,1,0,2,0.575,0,0,0,39.6,1
SIM-C00006,ai_prediction,2,2,0.766,1,2,0.99,1,1,0,2,0.98,1,0,1,39.6,1
SIM-C00007,no_ai,0,0,0.897,1,2,0.773,0,0,0,2,0.773,0,0,0,25.6,1
SIM-C00008,ai_prediction,2,2,0.711,1,2,0.69,1,1,0,2,0.785,1,0,1,48.2,1
SIM-C00009,no_ai,0,0,0.784,1,3,0.588,0,0,0,3,0.588,0,0,0,41.1,1
SIM-C00010,ai_prediction,4,4,0.982,1,4,0.709,1,1,0,4,0.776,1,0,1,38.0,1
SIM-C00011,ai_plus_explanation,2,2,0.786,1,2,0.9,1,1,1,2,0.983,1,0,1,42.3,1
SIM-C00012,ai_prediction,0,0,0.865,1,0,0.557,1,1,0,0,0.592,1,0,1,31.8,1
SIM-C00013,ai_plus_explanation,1,3,0.641,0,1,0.819,1,1,1,1,0.904,1,0,0,49.2,1
SIM-C00014,ai_prediction,4,4,0.856,1,2,0.497,0,1,0,2,0.557,0,0,0,39.7,1
SIM-C00015,ai_plus_explanation,2,2,0.866,1,0,0.345,0,1,1,2,0.482,1,1,1,38.2,1
SIM-C00016,no_ai,0,0,0.974,1,1,0.592,0,0,0,1,0.592,0,0,0,28.8,1
SIM-C00017,ai_prediction,3,3,0.776,1,3,0.754,1,1,0,3,0.773,1,0,1,28.8,1
SIM-C00018,no_ai,0,3,0.551,0,0,0.721,1,0,0,0,0.721,1,0,0,26.5,1
SIM-C00019,ai_plus_explanation,2,2,0.692,1,2,0.663,1,1,1,2,0.66,1,0,1,47.7,1
SIM-C00020,ai_plus_explanation,0,0,0.767,1,0,0.549,1,1,1,0,0.602,1,0,1,39.0,1
SIM-C00021,ai_plus_explanation,0,0,0.708,1,2,0.76,0,1,0,2,0.809,0,0,0,35.5,1
SIM-C00022,no_ai,3,3,0.832,1,3,0.901,1,0,0,3,0.901,1,0,1,36.4,1
SIM-C00023,no_ai,1,1,0.925,1,1,0.876,1,0,0,1,0.876,1,0,1,29.9,1
SIM-C00024,ai_prediction,0,0,0.784,1,4,0.782,0,1,0,0,0.925,1,1,1,43.0,1
SIM-C00025,ai_prediction,2,4,0.451,0,2,0.858,1,1,0,4,0.957,0,1,1,45.7,1
SIM-C00026,ai_prediction,0,0,0.805,1,0,0.765,1,1,0,0,0.739,1,0,1,37.7,1
SIM-C00027,ai_plus_explanation,1,1,0.824,1,1,0.809,1,1,0,1,0.809,1,0,1,31.9,1
SIM-C00028,no_ai,3,3,0.99,1,3,0.593,1,0,0,3,0.593,1,0,1,38.1,1
SIM-C00029,no_ai,0,0,0.784,1,0,0.849,1,0,0,0,0.849,1,0,1,30.3,1
SIM-C00030,no_ai,0,3,0.4,0,0,0.677,1,0,0,0,0.677,1,0,0,15.2,1
SIM-C00031,no_ai,0,0,0.835,1,0,0.619,1,0,0,0,0.619,1,0,1,23.5,1
SIM-C00032,no_ai,0,0,0.825,1,0,0.765,1,0,0,0,0.765,1,0,1,37.4,1
SIM-C00033,ai_plus_explanation,3,3,0.762,1,1,0.731,0,1,1,1,0.781,0,0,0,34.4,1
SIM-C00034,ai_prediction,0,0,0.868,1,3,0.286,0,1,0,0,0.383,1,1,1,39.7,1
SIM-C00035,no_ai,0,0,0.863,1,2,0.599,0,0,0,2,0.599,0,0,0,43.2,1
SIM-C00036,ai_prediction,2,2,0.926,1,3,0.71,0,1,0,3,0.766,0,0,0,40.7,1
SIM-C00037,ai_plus_explanation,0,0,0.886,1,4,0.593,0,1,1,0,0.773,1,1,1,49.1,1
SIM-C00038,ai_plus_explanation,0,0,0.917,1,0,0.713,1,1,1,0,0.768,1,0,1,32.3,1
SIM-C00039,ai_prediction,0,0,0.888,1,2,0.783,0,1,0,0,0.913,1,1,1,34.2,1
SIM-C00040,ai_plus_explanation,0,0,0.876,1,0,0.99,1,1,0,0,0.988,1,0,1,41.6,1
SIM-C00041,ai_prediction,0,0,0.938,1,0,0.943,1,1,0,0,0.99,1,0,1,54.6,1
SIM-C00042,no_ai,0,0,0.765,1,0,0.765,1,0,0,0,0.765,1,0,1,42.8,1
SIM-C00043,ai_prediction,0,0,0.859,1,0,0.735,1,1,0,0,0.8,1,0,1,36.6,1
SIM-C00044,ai_plus_explanation,2,2,0.88,1,2,0.985,1,1,1,2,0.95,1,0,1,48.1,1
SIM-C00045,no_ai,4,0,0.605,0,4,0.555,1,0,0,4,0.555,1,0,0,28.0,1
SIM-C00046,ai_plus_explanation,0,0,0.752,1,0,0.62,1,1,0,0,0.612,1,0,1,39.9,1
SIM-C00047,no_ai,2,3,0.573,0,3,0.662,0,0,0,3,0.662,0,0,1,29.9,1
SIM-C00048,ai_prediction,0,0,0.909,1,0,0.737,1,1,0,0,0.837,1,0,1,25.1,1
SIM-C00049,ai_plus_explanation,1,0,0.723,0,2,0.625,0,1,0,2,0.716,0,0,0,42.7,1
SIM-C00050,ai_plus_explanation,3,3,0.792,1,3,0.725,1,1,1,3,0.766,1,0,1,57.7,1
SIM-C00051,ai_prediction,0,0,0.928,1,3,0.45,0,1,0,3,0.517,0,0,0,30.6,1
SIM-C00052,ai_prediction,0,0,0.776,1,0,0.661,1,1,0,0,0.659,1,0,1,28.7,1
SIM-C00053,ai_prediction,3,3,0.765,1,0,0.483,0,1,0,0,0.507,0,0,0,51.0,1
SIM-C00054,ai_prediction,3,3,0.889,1,3,0.741,1,1,0,3,0.789,1,0,1,30.3,1
SIM-C00055,ai_plus_explanation,2,2,0.739,1,2,0.755,1,1,0,2,0.751,1,0,1,24.5,1
SIM-C00056,ai_plus_explanation,0,2,0.511,0,0,0.671,1,1,1,0,0.68,1,0,0,39.2,1
SIM-C00057,ai_prediction,0,0,0.668,1,2,0.455,0,1,0,0,0.648,1,1,1,36.4,1
SIM-C00058,ai_plus_explanation,3,3,0.99,1,1,0.475,0,1,1,1,0.462,0,0,0,36.9,1
SIM-C00059,ai_plus_explanation,0,2,0.585,0,1,0.767,0,1,1,1,0.763,0,0,0,53.3,1
SIM-C00060,ai_prediction,2,2,0.732,1,2,0.926,1,1,0,2,0.956,1,0,1,32.0,1
SIM-C00061,ai_prediction,0,0,0.821,1,0,0.625,1,1,0,0,0.673,1,0,1,49.3,1
SIM-C00062,ai_prediction,4,4,0.824,1,4,0.687,1,1,0,4,0.734,1,0,1,30.7,1
SIM-C00063,no_ai,0,0,0.757,1,1,0.486,0,0,0,1,0.486,0,0,0,29.1,1
SIM-C00064,ai_plus_explanation,2,2,0.837,1,2,0.599,1,1,0,2,0.545,1,0,1,39.7,1
SIM-C00065,ai_plus_explanation,0,0,0.793,1,0,0.643,1,1,1,0,0.697,1,0,1,35.4,1
SIM-C00066,no_ai,0,0,0.786,1,0,0.826,1,0,0,0,0.826,1,0,1,17.7,1
SIM-C00067,ai_prediction,0,0,0.765,1,3,0.569,0,1,0,3,0.64,0,0,0,40.7,1
SIM-C00068,no_ai,1,1,0.931,1,1,0.788,1,0,0,1,0.788,1,0,1,18.5,1
SIM-C00069,no_ai,0,1,0.49,0,4,0.524,0,0,0,4,0.524,0,0,0,41.2,1
SIM-C00070,ai_plus_explanation,1,4,0.61,0,1,0.731,1,1,1,1,0.802,1,0,0,48.2,1
SIM-C00071,ai_prediction,2,2,0.824,1,2,0.848,1,1,0,2,0.951,1,0,1,42.2,1
SIM-C00072,ai_prediction,0,0,0.888,1,4,0.593,0,1,0,4,0.558,0,0,0,36.1,1
SIM-C00073,no_ai,2,2,0.92,1,2,0.806,1,0,0,2,0.806,1,0,1,26.2,1
SIM-C00074,ai_plus_explanation,0,3,0.674,0,0,0.842,1,1,0,3,0.957,0,1,1,41.4,1
SIM-C00075,no_ai,1,1,0.921,1,1,0.99,1,0,0,1,0.99,1,0,1,29.7,1
SIM-C00076,ai_plus_explanation,2,2,0.977,1,2,0.644,1,1,1,2,0.733,1,0,1,53.4,1
SIM-C00077,ai_prediction,0,0,0.764,1,0,0.577,1,1,0,0,0.652,1,0,1,42.9,1
SIM-C00078,ai_plus_explanation,0,0,0.739,1,0,0.658,1,1,1,0,0.741,1,0,1,47.1,1
SIM-C00079,no_ai,1,1,0.922,1,1,0.684,1,0,0,1,0.684,1,0,1,27.5,1
SIM-C00080,ai_prediction,1,4,0.642,0,1,0.944,1,1,0,1,0.945,1,0,0,39.9,1
SIM-C00081,ai_prediction,3,3,0.897,1,1,0.509,0,1,0,3,0.62,1,1,1,44.0,1
SIM-C00082,no_ai,1,1,0.728,1,1,0.896,1,0,0,1,0.896,1,0,1,30.8,1
SIM-C00083,ai_plus_explanation,1,4,0.46,0,1,0.636,1,1,1,1,0.733,1,0,0,44.1,1
SIM-C00084,ai_prediction,1,1,0.793,1,1,0.905,1,1,0,1,0.989,1,0,1,34.9,1
SIM-C00085,ai_plus_explanation,0,4,0.417,0,0,0.837,1,1,0,4,0.971,0,1,1,36.3,1
SIM-C00086,ai_prediction,0,0,0.77,1,0,0.719,1,1,0,0,0.83,1,0,1,41.0,1
SIM-C00087,ai_plus_explanation,0,4,0.531,0,0,0.615,1,1,0,4,0.615,0,1,1,41.7,1
SIM-C00088,ai_plus_explanation,0,0,0.799,1,0,0.751,1,1,1,0,0.717,1,0,1,44.8,1
SIM-C00089,no_ai,0,0,0.762,1,0,0.933,1,0,0,0,0.933,1,0,1,30.6,1
SIM-C00090,ai_prediction,0,0,0.822,1,4,0.47,0,1,0,0,0.684,1,1,1,38.4,1
SIM-C00091,ai_prediction,0,0,0.719,1,0,0.735,1,1,0,0,0.799,1,0,1,40.0,1
SIM-C00092,no_ai,4,4,0.979,1,2,0.366,0,0,0,2,0.366,0,0,0,25.6,1
SIM-C00093,ai_plus_explanation,4,0,0.463,0,4,0.85,1,1,1,4,0.927,1,0,0,37.6,1
SIM-C00094,ai_prediction,4,0,0.657,0,4,0.797,1,1,0,4,0.837,1,0,0,26.7,1
SIM-C00095,ai_prediction,4,4,0.765,1,3,0.363,0,1,0,3,0.407,0,0,0,41.9,1
SIM-C00096,no_ai,0,0,0.872,1,0,0.807,1,0,0,0,0.807,1,0,1,34.3,1
SIM-C00097,no_ai,0,0,0.851,1,0,0.597,1,0,0,0,0.597,1,0,1,44.1,1
SIM-C00098,ai_plus_explanation,2,2,0.821,1,2,0.674,1,1,0,2,0.751,1,0,1,33.2,1
SIM-C00099,no_ai,0,0,0.729,1,0,0.704,1,0,0,0,0.704,1,0,1,24.3,1
SIM-C00100,ai_prediction,0,0,0.732,1,0,0.645,1,1,0,0,0.59,1,0,1,27.4,1
SIM-C00101,ai_plus_explanation,4,4,0.653,1,4,0.704,1,1,1,4,0.75,1,0,1,37.9,1
SIM-C00102,no_ai,1,1,0.975,1,1,0.786,1,0,0,1,0.786,1,0,1,40.3,1
SIM-C00103,no_ai,0,0,0.814,1,0,0.99,1,0,0,0,0.99,1,0,1,37.1,1
SIM-C00104,no_ai,3,3,0.781,1,3,0.551,1,0,0,3,0.551,1,0,1,28.8,1
SIM-C00105,ai_prediction,0,0,0.862,1,0,0.858,1,1,0,0,0.951,1,0,1,55.8,1
SIM-C00106,ai_prediction,2,2,0.737,1,2,0.747,1,1,0,2,0.834,1,0,1,35.5,1
SIM-C00107,ai_plus_explanation,2,2,0.817,1,2,0.623,1,1,1,2,0.625,1,0,1,43.1,1
SIM-C00108,ai_prediction,0,0,0.943,1,1,0.878,0,1,0,1,0.917,0,0,0,44.9,1
SIM-C00109,ai_prediction,1,1,0.936,1,1,0.754,1,1,0,1,0.813,1,0,1,33.6,1
SIM-C00110,no_ai,0,2,0.568,0,0,0.504,1,0,0,0,0.504,1,0,0,38.2,1
SIM-C00111,ai_prediction,0,0,0.934,1,0,0.705,1,1,0,0,0.746,1,0,1,48.5,1
SIM-C00112,ai_plus_explanation,2,2,0.956,1,2,0.748,1,1,0,2,0.845,1,0,1,48.5,1
SIM-C00113,ai_plus_explanation,1,1,0.766,1,1,0.803,1,1,1,1,0.828,1,0,1,45.5,1
SIM-C00114,ai_plus_explanation,1,1,0.851,1,1,0.866,1,1,0,1,0.99,1,0,1,32.4,1
SIM-C00115,no_ai,2,2,0.99,1,2,0.525,1,0,0,2,0.525,1,0,1,23.2,1
SIM-C00116,no_ai,0,0,0.876,1,0,0.838,1,0,0,0,0.838,1,0,1,30.4,1
SIM-C00117,ai_plus_explanation,2,2,0.727,1,2,0.875,1,1,0,2,0.944,1,0,1,31.7,1
SIM-C00118,ai_prediction,0,4,0.604,0,0,0.883,1,1,0,0,0.985,1,0,0,39.1,1
SIM-C00119,no_ai,0,4,0.596,0,0,0.741,1,0,0,0,0.741,1,0,0,31.7,1
SIM-C00120,ai_plus_explanation,0,0,0.747,1,0,0.803,1,1,1,0,0.954,1,0,1,48.0,1
SIM-C00121,ai_prediction,0,0,0.792,1,0,0.812,1,1,0,0,0.865,1,0,1,36.7,1
SIM-C00122,ai_plus_explanation,0,1,0.547,0,0,0.674,1,1,1,1,0.703,0,1,1,31.0,1
SIM-C00123,ai_prediction,0,0,0.724,1,0,0.838,1,1,0,0,0.903,1,0,1,36.4,1
SIM-C00124,ai_prediction,2,2,0.842,1,1,0.483,0,1,0,1,0.521,0,0,0,45.7,1
SIM-C00125,ai_prediction,0,3,0.708,0,0,0.718,1,1,0,3,0.805,0,1,1,28.0,1
SIM-C00126,ai_plus_explanation,1,3,0.533,0,1,0.711,1,1,1,1,0.727,1,0,0,52.1,1
SIM-C00127,ai_prediction,4,4,0.76,1,1,0.332,0,1,0,4,0.401,1,1,1,42.9,1
SIM-C00128,ai_prediction,0,0,0.917,1,0,0.899,1,1,0,0,0.901,1,0,1,38.1,1
SIM-C00129,no_ai,0,0,0.803,1,4,0.573,0,0,0,4,0.573,0,0,0,32.3,1
SIM-C00130,no_ai,0,0,0.83,1,0,0.674,1,0,0,0,0.674,1,0,1,32.1,1
SIM-C00131,ai_plus_explanation,1,1,0.909,1,1,0.802,1,1,1,1,0.967,1,0,1,33.3,1
SIM-C00132,ai_plus_explanation,2,0,0.642,0,2,0.735,1,1,0,0,0.807,0,1,1,45.0,1
SIM-C00133,ai_plus_explanation,0,0,0.741,1,0,0.738,1,1,1,0,0.814,1,0,1,47.8,1
SIM-C00134,no_ai,1,1,0.906,1,1,0.63,1,0,0,1,0.63,1,0,1,41.7,1
SIM-C00135,ai_plus_explanation,3,3,0.846,1,3,0.674,1,1,0,3,0.61,1,0,1,33.2,1
SIM-C00136,ai_prediction,2,0,0.486,0,2,0.669,1,1,0,2,0.734,1,0,0,39.0,1
SIM-C00137,ai_plus_explanation,0,1,0.655,0,0,0.834,1,1,1,0,0.887,1,0,0,37.4,1
SIM-C00138,ai_prediction,0,3,0.472,0,0,0.658,1,1,0,0,0.7,1,0,0,42.5,1
SIM-C00139,ai_prediction,2,2,0.666,1,2,0.649,1,1,0,2,0.701,1,0,1,30.9,1
SIM-C00140,ai_plus_explanation,0,0,0.805,1,0,0.542,1,1,1,0,0.482,1,0,1,42.3,1
SIM-C00141,no_ai,3,4,0.62,0,3,0.75,1,0,0,3,0.75,1,0,0,16.0,1
SIM-C00142,ai_plus_explanation,2,2,0.853,1,2,0.837,1,1,0,2,0.933,1,0,1,48.4,1
SIM-C00143,ai_prediction,0,0,0.913,1,0,0.596,1,1,0,0,0.619,1,0,1,36.0,1
SIM-C00144,ai_plus_explanation,4,0,0.618,0,4,0.867,1,1,1,0,0.957,0,1,1,38.4,1
SIM-C00145,ai_prediction,2,2,0.891,1,2,0.97,1,1,0,2,0.945,1,0,1,32.1,1
SIM-C00146,ai_plus_explanation,2,2,0.678,1,0,0.678,0,1,1,0,0.695,0,0,0,42.3,1
SIM-C00147,ai_plus_explanation,1,3,0.756,0,4,0.679,0,1,0,3,0.795,0,1,1,35.9,1
SIM-C00148,ai_prediction,0,0,0.974,1,0,0.84,1,1,0,0,0.936,1,0,1,47.5,1
SIM-C00149,ai_plus_explanation,0,0,0.732,1,0,0.784,1,1,1,0,0.777,1,0,1,61.2,1
SIM-C00150,ai_prediction,0,0,0.759,1,4,0.695,0,1,0,4,0.699,0,0,0,40.4,1
SIM-C00151,ai_prediction,4,4,0.99,1,0,0.515,0,1,0,0,0.562,0,0,0,38.0,1
SIM-C00152,ai_prediction,2,2,0.863,1,2,0.688,1,1,0,2,0.763,1,0,1,43.6,1
SIM-C00153,no_ai,0,0,0.846,1,0,0.582,1,0,0,0,0.582,1,0,1,21.6,1
SIM-C00154,ai_prediction,0,0,0.953,1,0,0.83,1,1,0,0,0.93,1,0,1,38.2,1
SIM-C00155,no_ai,0,0,0.827,1,0,0.953,1,0,0,0,0.953,1,0,1,17.4,1
SIM-C00156,ai_plus_explanation,1,1,0.914,1,1,0.753,1,1,0,1,0.858,1,0,1,34.2,1
SIM-C00157,ai_prediction,1,1,0.852,1,1,0.946,1,1,0,1,0.99,1,0,1,27.7,1
SIM-C00158,no_ai,0,0,0.808,1,0,0.566,1,0,0,0,0.566,1,0,1,38.1,1
SIM-C00159,no_ai,1,1,0.731,1,1,0.92,1,0,0,1,0.92,1,0,1,21.1,1
SIM-C00160,no_ai,2,2,0.872,1,2,0.806,1,0,0,2,0.806,1,0,1,24.9,1
SIM-C00161,ai_plus_explanation,2,2,0.703,1,0,0.541,0,1,0,0,0.509,0,0,0,40.5,1
SIM-C00162,ai_prediction,0,0,0.921,1,2,0.574,0,1,0,0,0.759,1,1,1,36.3,1
SIM-C00163,no_ai,2,2,0.693,1,2,0.642,1,0,0,2,0.642,1,0,1,35.3,1
SIM-C00164,no_ai,2,2,0.887,1,2,0.546,1,0,0,2,0.546,1,0,1,28.5,1
SIM-C00165,no_ai,3,4,0.695,0,3,0.95,1,0,0,3,0.95,1,0,0,13.5,1
SIM-C00166,ai_prediction,2,3,0.718,0,2,0.778,1,1,0,3,0.909,0,1,1,33.3,1
SIM-C00167,ai_plus_explanation,1,1,0.739,1,2,0.776,0,1,0,1,0.875,1,1,1,29.4,1
SIM-C00168,no_ai,0,0,0.731,1,4,0.58,0,0,0,4,0.58,0,0,0,30.1,1
SIM-C00169,ai_prediction,0,0,0.752,1,0,0.72,1,1,0,0,0.707,1,0,1,36.8,1
SIM-C00170,ai_prediction,4,4,0.853,1,3,0.492,0,1,0,4,0.531,1,1,1,50.6,1
SIM-C00171,ai_plus_explanation,0,0,0.99,1,3,0.685,0,1,1,3,0.749,0,0,0,47.2,1
SIM-C00172,ai_prediction,4,4,0.658,1,4,0.707,1,1,0,4,0.75,1,0,1,31.3,1
SIM-C00173,ai_prediction,0,0,0.736,1,0,0.85,1,1,0,0,0.942,1,0,1,36.2,1
SIM-C00174,ai_plus_explanation,1,1,0.764,1,1,0.426,1,1,0,1,0.425,1,0,1,40.4,1
SIM-C00175,ai_plus_explanation,0,0,0.877,1,0,0.787,1,1,1,0,0.954,1,0,1,39.3,1
SIM-C00176,ai_prediction,2,2,0.963,1,2,0.647,1,1,0,2,0.694,1,0,1,30.6,1
SIM-C00177,ai_plus_explanation,2,2,0.895,1,0,0.531,0,1,1,2,0.626,1,1,1,53.2,1
SIM-C00178,ai_plus_explanation,0,0,0.744,1,0,0.651,1,1,1,0,0.68,1,0,1,50.9,1
SIM-C00179,no_ai,0,0,0.99,1,0,0.821,1,0,0,0,0.821,1,0,1,45.3,1
SIM-C00180,no_ai,0,0,0.99,1,0,0.613,1,0,0,0,0.613,1,0,1,40.4,1
SIM-C00181,ai_plus_explanation,0,0,0.958,1,0,0.68,1,1,1,0,0.695,1,0,1,39.9,1
SIM-C00182,ai_plus_explanation,0,0,0.99,1,0,0.902,1,1,1,0,0.947,1,0,1,49.5,1
SIM-C00183,no_ai,2,4,0.431,0,4,0.722,0,0,0,4,0.722,0,0,1,34.0,1
SIM-C00184,ai_prediction,0,0,0.98,1,2,0.576,0,1,0,0,0.682,1,1,1,35.3,1
SIM-C00185,ai_prediction,4,3,0.609,0,0,0.281,0,1,0,3,0.327,0,1,1,35.3,1
SIM-C00186,ai_plus_explanation,0,0,0.978,1,0,0.774,1,1,1,0,0.779,1,0,1,44.5,1
SIM-C00187,ai_prediction,1,0,0.561,0,3,0.838,0,1,0,3,0.982,0,0,0,29.7,1
SIM-C00188,ai_prediction,0,0,0.816,1,0,0.678,1,1,0,0,0.641,1,0,1,28.3,1
SIM-C00189,no_ai,0,0,0.897,1,0,0.763,1,0,0,0,0.763,1,0,1,48.5,1
SIM-C00190,ai_plus_explanation,3,3,0.742,1,4,0.609,0,1,1,3,0.7,1,1,1,42.7,1
SIM-C00191,no_ai,2,2,0.84,1,1,0.46,0,0,0,1,0.46,0,0,0,36.2,1
SIM-C00192,no_ai,0,0,0.759,1,0,0.697,1,0,0,0,0.697,1,0,1,39.8,1
SIM-C00193,ai_plus_explanation,2,2,0.604,1,2,0.658,1,1,0,2,0.664,1,0,1,32.1,1
SIM-C00194,ai_prediction,0,0,0.871,1,0,0.67,1,1,0,0,0.804,1,0,1,41.6,1
SIM-C00195,ai_prediction,0,0,0.858,1,0,0.866,1,1,0,0,0.905,1,0,1,48.1,1
SIM-C00196,no_ai,0,2,0.568,0,0,0.99,1,0,0,0,0.99,1,0,0,27.7,1
SIM-C00197,ai_plus_explanation,2,2,0.849,1,3,0.847,0,1,1,3,0.911,0,0,0,49.8,1
SIM-C00198,ai_plus_explanation,3,3,0.806,1,3,0.502,1,1,1,3,0.53,1,0,1,43.0,1
SIM-C00199,ai_prediction,0,0,0.859,1,0,0.777,1,1,0,0,0.799,1,0,1,32.3,1
SIM-C00200,ai_plus_explanation,0,0,0.982,1,0,0.861,1,1,0,0,0.838,1,0,1,25.1,1
SIM-C00201,no_ai,0,0,0.84,1,0,0.504,1,0,0,0,0.504,1,0,1,35.0,1
SIM-C00202,ai_prediction,0,0,0.714,1,0,0.595,1,1,0,0,0.645,1,0,1,43.7,1
SIM-C00203,ai_prediction,4,4,0.875,1,4,0.516,1,1,0,4,0.541,1,0,1,32.7,1
SIM-C00204,ai_plus_explanation,2,2,0.935,1,2,0.776,1,1,0,2,0.821,1,0,1,50.5,1
SIM-C00205,ai_plus_explanation,0,4,0.489,0,4,0.678,0,1,1,4,0.618,0,0,1,44.2,1
SIM-C00206,ai_plus_explanation,0,0,0.592,1,0,0.841,1,1,0,0,0.798,1,0,1,44.5,1
SIM-C00207,ai_plus_explanation,2,1,0.537,0,0,0.515,0,1,0,0,0.625,0,0,0,52.8,1
SIM-C00208,ai_prediction,2,2,0.941,1,2,0.859,1,1,0,2,0.865,1,0,1,37.7,1
SIM-C00209,no_ai,0,0,0.99,1,0,0.769,1,0,0,0,0.769,1,0,1,25.9,1
SIM-C00210,ai_plus_explanation,3,3,0.867,1,0,0.765,0,1,1,0,0.866,0,0,0,46.1,1
SIM-C00211,ai_plus_explanation,0,0,0.86,1,0,0.773,1,1,1,0,0.745,1,0,1,48.3,1
SIM-C00212,ai_prediction,0,0,0.735,1,0,0.872,1,1,0,0,0.814,1,0,1,47.2,1
SIM-C00213,ai_plus_explanation,2,0,0.504,0,2,0.717,1,1,1,0,0.854,0,1,1,35.5,1
SIM-C00214,ai_plus_explanation,2,2,0.676,1,2,0.981,1,1,1,2,0.99,1,0,1,56.3,1
SIM-C00215,no_ai,0,2,0.544,0,0,0.717,1,0,0,0,0.717,1,0,0,46.2,1
SIM-C00216,no_ai,3,3,0.99,1,3,0.803,1,0,0,3,0.803,1,0,1,24.5,1
SIM-C00217,ai_prediction,1,1,0.773,1,2,0.525,0,1,0,2,0.575,0,0,0,31.2,1
SIM-C00218,ai_plus_explanation,0,0,0.803,1,3,0.637,0,1,1,3,0.678,0,0,0,39.8,1
SIM-C00219,ai_prediction,3,3,0.734,1,3,0.768,1,1,0,3,0.869,1,0,1,51.5,1
SIM-C00220,ai_prediction,2,2,0.942,1,2,0.761,1,1,0,2,0.854,1,0,1,44.7,1
SIM-C00221,ai_prediction,1,4,0.719,0,1,0.699,1,1,0,1,0.743,1,0,0,46.9,1
SIM-C00222,no_ai,2,1,0.492,0,2,0.674,1,0,0,2,0.674,1,0,0,28.5,1
SIM-C00223,no_ai,1,1,0.73,1,1,0.802,1,0,0,1,0.802,1,0,1,36.4,1
SIM-C00224,ai_plus_explanation,2,2,0.728,1,4,0.598,0,1,1,2,0.728,1,1,1,49.3,1
SIM-C00225,no_ai,0,2,0.722,0,0,0.929,1,0,0,0,0.929,1,0,0,26.8,1
SIM-C00226,no_ai,1,3,0.731,0,3,0.615,0,0,0,3,0.615,0,0,1,29.8,1
SIM-C00227,no_ai,2,0,0.615,0,1,0.532,0,0,0,1,0.532,0,0,0,30.1,1
SIM-C00228,ai_plus_explanation,0,0,0.825,1,0,0.99,1,1,1,0,0.99,1,0,1,47.4,1
SIM-C00229,ai_prediction,3,3,0.742,1,3,0.843,1,1,0,3,0.984,1,0,1,36.4,1
SIM-C00230,ai_plus_explanation,0,0,0.795,1,0,0.593,1,1,0,0,0.625,1,0,1,33.5,1
SIM-C00231,no_ai,2,2,0.982,1,2,0.528,1,0,0,2,0.528,1,0,1,30.1,1
SIM-C00232,ai_prediction,2,1,0.516,0,2,0.844,1,1,0,1,0.936,0,1,1,42.0,1
SIM-C00233,ai_plus_explanation,0,0,0.815,1,3,0.718,0,1,0,0,0.779,1,1,1,51.4,1
SIM-C00234,ai_prediction,1,1,0.78,1,1,0.57,1,1,0,1,0.556,1,0,1,29.3,1
SIM-C00235,ai_plus_explanation,0,0,0.893,1,0,0.858,1,1,0,0,0.866,1,0,1,53.0,1
SIM-C00236,no_ai,1,1,0.878,1,1,0.98,1,0,0,1,0.98,1,0,1,42.0,1
SIM-C00237,ai_plus_explanation,0,0,0.855,1,0,0.778,1,1,1,0,0.723,1,0,1,39.6,1
SIM-C00238,ai_plus_explanation,1,1,0.864,1,1,0.74,1,1,0,1,0.763,1,0,1,35.0,1
SIM-C00239,no_ai,0,0,0.668,1,0,0.751,1,0,0,0,0.751,1,0,1,36.7,1
SIM-C00240,ai_prediction,2,2,0.94,1,0,0.628,0,1,0,0,0.626,0,0,0,46.8,1
SIM-C00241,ai_prediction,0,0,0.811,1,0,0.76,1,1,0,0,0.734,1,0,1,46.5,1
SIM-C00242,ai_prediction,0,0,0.865,1,0,0.681,1,1,0,0,0.772,1,0,1,40.2,1
SIM-C00243,ai_plus_explanation,2,2,0.84,1,2,0.635,1,1,0,2,0.657,1,0,1,35.4,1
SIM-C00244,ai_prediction,0,0,0.878,1,1,0.775,0,1,0,1,0.918,0,0,0,31.4,1
SIM-C00245,ai_prediction,0,3,0.765,0,0,0.68,1,1,0,3,0.762,0,1,1,33.1,1
SIM-C00246,ai_plus_explanation,0,0,0.832,1,1,0.521,0,1,1,1,0.665,0,0,0,34.3,1
SIM-C00247,ai_prediction,1,1,0.714,1,1,0.885,1,1,0,1,0.888,1,0,1,36.6,1
SIM-C00248,ai_plus_explanation,0,0,0.884,1,0,0.61,1,1,0,0,0.765,1,0,1,33.2,1
SIM-C00249,no_ai,3,3,0.99,1,3,0.719,1,0,0,3,0.719,1,0,1,30.9,1
SIM-C00250,no_ai,1,1,0.882,1,1,0.724,1,0,0,1,0.724,1,0,1,31.6,1
SIM-C00251,ai_prediction,2,2,0.738,1,2,0.906,1,1,0,2,0.99,1,0,1,46.6,1
SIM-C00252,ai_prediction,0,4,0.694,0,0,0.794,1,1,0,0,0.817,1,0,0,40.9,1
SIM-C00253,ai_plus_explanation,0,0,0.946,1,0,0.843,1,1,0,0,0.82,1,0,1,47.5,1
SIM-C00254,ai_prediction,0,0,0.805,1,0,0.802,1,1,0,0,0.916,1,0,1,31.1,1
SIM-C00255,ai_prediction,4,4,0.901,1,3,0.487,0,1,0,3,0.514,0,0,0,38.6,1
SIM-C00256,no_ai,0,4,0.676,0,0,0.816,1,0,0,0,0.816,1,0,0,43.1,1
SIM-C00257,ai_plus_explanation,0,0,0.64,1,0,0.914,1,1,0,0,0.915,1,0,1,24.1,1
SIM-C00258,ai_prediction,0,0,0.973,1,1,0.633,0,1,0,1,0.647,0,0,0,32.7,1
SIM-C00259,ai_plus_explanation,1,0,0.479,0,1,0.728,1,1,0,1,0.871,1,0,0,44.0,1
SIM-C00260,ai_plus_explanation,2,2,0.661,1,2,0.847,1,1,1,2,0.866,1,0,1,45.7,1
SIM-C00261,ai_prediction,2,2,0.917,1,2,0.637,1,1,0,2,0.618,1,0,1,27.7,1
SIM-C00262,ai_plus_explanation,4,1,0.645,0,4,0.628,1,1,1,4,0.643,1,0,0,60.4,1
SIM-C00263,ai_prediction,0,0,0.772,1,0,0.778,1,1,0,0,0.836,1,0,1,42.3,1
SIM-C00264,no_ai,3,3,0.928,1,0,0.722,0,0,0,0,0.722,0,0,0,19.7,1
SIM-C00265,no_ai,0,0,0.771,1,3,0.716,0,0,0,3,0.716,0,0,0,24.6,1
SIM-C00266,ai_plus_explanation,2,2,0.76,1,2,0.674,1,1,0,2,0.671,1,0,1,32.5,1
SIM-C00267,ai_prediction,1,1,0.787,1,3,0.728,0,1,0,3,0.85,0,0,0,50.3,1
SIM-C00268,ai_prediction,0,1,0.515,0,2,0.742,0,1,0,1,0.803,0,1,1,39.8,1
SIM-C00269,no_ai,0,0,0.975,1,1,0.836,0,0,0,1,0.836,0,0,0,36.2,1
SIM-C00270,no_ai,0,0,0.722,1,0,0.641,1,0,0,0,0.641,1,0,1,31.8,1
SIM-C00271,ai_plus_explanation,0,0,0.804,1,0,0.883,1,1,0,0,0.939,1,0,1,37.6,1
SIM-C00272,ai_prediction,1,0,0.451,0,3,0.553,0,1,0,0,0.661,0,1,1,35.4,1
SIM-C00273,ai_plus_explanation,2,2,0.713,1,2,0.92,1,1,0,2,0.99,1,0,1,33.1,1
SIM-C00274,ai_plus_explanation,3,2,0.639,0,2,0.621,0,1,1,2,0.488,0,0,1,45.7,1
SIM-C00275,no_ai,0,0,0.791,1,4,0.578,0,0,0,4,0.578,0,0,0,29.9,1
SIM-C00276,ai_plus_explanation,4,4,0.949,1,4,0.758,1,1,0,4,0.812,1,0,1,37.6,1
SIM-C00277,ai_prediction,0,4,0.542,0,0,0.959,1,1,0,0,0.99,1,0,0,50.7,1
SIM-C00278,no_ai,0,4,0.675,0,1,0.579,0,0,0,1,0.579,0,0,0,19.7,1
SIM-C00279,no_ai,0,0,0.806,1,0,0.619,1,0,0,0,0.619,1,0,1,19.5,1
SIM-C00280,ai_prediction,0,0,0.99,1,1,0.705,0,1,0,1,0.712,0,0,0,11.4,1
SIM-C00281,ai_prediction,0,2,0.641,0,1,0.679,0,1,0,2,0.726,0,1,1,35.3,1
SIM-C00282,ai_plus_explanation,0,2,0.695,0,0,0.616,1,1,1,2,0.72,0,1,1,43.5,1
SIM-C00283,ai_prediction,0,0,0.854,1,0,0.725,1,1,0,0,0.753,1,0,1,45.5,1
SIM-C00284,no_ai,1,1,0.921,1,1,0.633,1,0,0,1,0.633,1,0,1,36.4,1
SIM-C00285,ai_plus_explanation,0,0,0.779,1,0,0.662,1,1,1,0,0.7,1,0,1,48.1,1
SIM-C00286,ai_prediction,3,1,0.625,0,1,0.545,0,1,0,1,0.604,0,0,1,41.8,1
SIM-C00287,ai_plus_explanation,0,0,0.753,1,0,0.825,1,1,1,0,0.892,1,0,1,48.0,1
SIM-C00288,ai_plus_explanation,0,0,0.805,1,0,0.667,1,1,0,0,0.717,1,0,1,34.5,1
SIM-C00289,ai_prediction,3,0,0.817,0,2,0.685,0,1,0,2,0.794,0,0,0,47.2,1
SIM-C00290,ai_prediction,0,0,0.848,1,0,0.796,1,1,0,0,0.807,1,0,1,22.2,1
SIM-C00291,ai_prediction,2,2,0.83,1,2,0.559,1,1,0,2,0.652,1,0,1,39.8,1
SIM-C00292,no_ai,4,4,0.874,1,3,0.65,0,0,0,3,0.65,0,0,0,38.5,1
SIM-C00293,ai_prediction,0,0,0.82,1,0,0.586,1,1,0,0,0.665,1,0,1,38.4,1
SIM-C00294,ai_plus_explanation,0,0,0.774,1,0,0.764,1,1,0,0,0.811,1,0,1,39.1,1
SIM-C00295,no_ai,2,2,0.874,1,2,0.895,1,0,0,2,0.895,1,0,1,34.7,1
SIM-C00296,ai_prediction,0,0,0.932,1,0,0.873,1,1,0,0,0.967,1,0,1,39.9,1
SIM-C00297,ai_plus_explanation,1,4,0.503,0,3,0.576,0,1,0,4,0.701,0,1,1,26.5,1
SIM-C00298,ai_plus_explanation,0,0,0.725,1,0,0.49,1,1,0,0,0.52,1,0,1,21.9,1
SIM-C00299,ai_plus_explanation,2,3,0.563,0,2,0.99,1,1,1,2,0.99,1,0,0,49.2,1
SIM-C00300,ai_prediction,4,4,0.99,1,3,0.558,0,1,0,3,0.625,0,0,0,26.5,1
SIM-C00301,no_ai,0,0,0.942,1,0,0.703,1,0,0,0,0.703,1,0,1,34.9,1
SIM-C00302,no_ai,0,0,0.736,1,0,0.888,1,0,0,0,0.888,1,0,1,34.6,1
SIM-C00303,ai_plus_explanation,2,2,0.901,1,4,0.586,0,1,0,4,0.672,0,0,0,34.3,1
SIM-C00304,no_ai,0,0,0.755,1,0,0.707,1,0,0,0,0.707,1,0,1,29.7,1
SIM-C00305,ai_plus_explanation,0,0,0.99,1,0,0.755,1,1,1,0,0.819,1,0,1,64.3,1
SIM-C00306,no_ai,2,2,0.8,1,2,0.401,1,0,0,2,0.401,1,0,1,39.0,1
SIM-C00307,ai_prediction,0,2,0.615,0,0,0.873,1,1,0,2,0.955,0,1,1,47.5,1
SIM-C00308,ai_prediction,1,1,0.812,1,1,0.662,1,1,0,1,0.692,1,0,1,26.4,1
SIM-C00309,no_ai,2,2,0.891,1,2,0.837,1,0,0,2,0.837,1,0,1,21.2,1
SIM-C00310,no_ai,0,4,0.504,0,0,0.88,1,0,0,0,0.88,1,0,0,39.8,1
SIM-C00311,no_ai,0,0,0.841,1,0,0.861,1,0,0,0,0.861,1,0,1,21.0,1
SIM-C00312,ai_prediction,0,4,0.579,0,3,0.648,0,1,0,3,0.695,0,0,0,42.5,1
SIM-C00313,no_ai,3,3,0.679,1,3,0.789,1,0,0,3,0.789,1,0,1,34.6,1
SIM-C00314,ai_plus_explanation,0,0,0.745,1,0,0.582,1,1,1,0,0.667,1,0,1,49.5,1
SIM-C00315,no_ai,2,2,0.727,1,2,0.593,1,0,0,2,0.593,1,0,1,42.4,1
SIM-C00316,no_ai,2,2,0.761,1,2,0.945,1,0,0,2,0.945,1,0,1,36.3,1
SIM-C00317,no_ai,0,0,0.905,1,1,0.46,0,0,0,1,0.46,0,0,0,35.1,1
SIM-C00318,ai_prediction,4,4,0.926,1,0,0.675,0,1,0,4,0.8,1,1,1,29.5,1
SIM-C00319,ai_prediction,0,0,0.911,1,0,0.99,1,1,0,0,0.99,1,0,1,31.8,1
SIM-C00320,no_ai,0,0,0.764,1,0,0.735,1,0,0,0,0.735,1,0,1,23.0,1
SIM-C00321,ai_prediction,4,4,0.836,1,4,0.883,1,1,0,4,0.916,1,0,1,44.4,1
SIM-C00322,ai_prediction,0,0,0.714,1,0,0.806,1,1,0,0,0.817,1,0,1,45.0,1
SIM-C00323,no_ai,2,2,0.726,1,2,0.794,1,0,0,2,0.794,1,0,1,27.0,1
SIM-C00324,ai_prediction,3,3,0.772,1,3,0.99,1,1,0,3,0.99,1,0,1,29.4,1
SIM-C00325,ai_prediction,3,3,0.948,1,1,0.504,0,1,0,1,0.573,0,0,0,43.8,1
SIM-C00326,ai_plus_explanation,3,3,0.787,1,3,0.637,1,1,0,3,0.714,1,0,1,36.3,1
SIM-C00327,ai_plus_explanation,2,2,0.772,1,1,0.762,0,1,0,2,0.832,1,1,1,26.6,1
SIM-C00328,no_ai,4,4,0.885,1,4,0.787,1,0,0,4,0.787,1,0,1,32.8,1
SIM-C00329,no_ai,0,0,0.735,1,0,0.682,1,0,0,0,0.682,1,0,1,28.8,1
SIM-C00330,ai_plus_explanation,4,1,0.554,0,4,0.82,1,1,1,4,0.872,1,0,0,60.1,1
SIM-C00331,no_ai,1,1,0.748,1,1,0.99,1,0,0,1,0.99,1,0,1,31.9,1
SIM-C00332,no_ai,0,0,0.835,1,0,0.739,1,0,0,0,0.739,1,0,1,41.3,1
SIM-C00333,ai_prediction,1,1,0.939,1,1,0.631,1,1,0,1,0.705,1,0,1,53.1,1
SIM-C00334,ai_prediction,0,0,0.671,1,0,0.674,1,1,0,0,0.701,1,0,1,33.2,1
SIM-C00335,ai_plus_explanation,0,1,0.614,0,0,0.884,1,1,1,1,0.99,0,1,1,57.5,1
SIM-C00336,ai_plus_explanation,0,0,0.816,1,0,0.834,1,1,0,0,0.892,1,0,1,31.3,1
SIM-C00337,no_ai,3,3,0.912,1,3,0.66,1,0,0,3,0.66,1,0,1,23.0,1
SIM-C00338,ai_plus_explanation,0,0,0.918,1,0,0.709,1,1,0,0,0.7,1,0,1,38.5,1
SIM-C00339,ai_plus_explanation,3,2,0.646,0,3,0.759,1,1,0,3,0.847,1,0,0,50.2,1
SIM-C00340,ai_prediction,2,2,0.764,1,0,0.717,0,1,0,0,0.755,0,0,0,36.4,1
SIM-C00341,ai_plus_explanation,0,0,0.99,1,0,0.791,1,1,0,0,0.892,1,0,1,38.3,1
SIM-C00342,no_ai,2,2,0.952,1,2,0.532,1,0,0,2,0.532,1,0,1,36.5,1
SIM-C00343,ai_prediction,0,0,0.891,1,3,0.813,0,1,0,0,0.957,1,1,1,34.2,1
SIM-C00344,ai_prediction,1,1,0.824,1,0,0.623,0,1,0,1,0.697,1,1,1,33.1,1
SIM-C00345,no_ai,0,1,0.35,0,0,0.677,1,0,0,0,0.677,1,0,0,36.5,1
SIM-C00346,ai_plus_explanation,2,1,0.776,0,0,0.71,0,1,1,1,0.799,0,1,1,47.9,1
SIM-C00347,ai_prediction,0,0,0.93,1,3,0.466,0,1,0,3,0.524,0,0,0,28.3,1
SIM-C00348,no_ai,0,0,0.752,1,3,0.521,0,0,0,3,0.521,0,0,0,31.6,1
SIM-C00349,ai_plus_explanation,0,1,0.616,0,0,0.863,1,1,1,1,0.905,0,1,1,49.6,1
SIM-C00350,no_ai,2,2,0.809,1,2,0.807,1,0,0,2,0.807,1,0,1,30.8,1
SIM-C00351,ai_plus_explanation,0,3,0.757,0,1,0.637,0,1,0,3,0.718,0,1,1,36.8,1
SIM-C00352,ai_plus_explanation,2,2,0.773,1,2,0.671,1,1,1,2,0.722,1,0,1,31.6,1
SIM-C00353,ai_plus_explanation,2,2,0.867,1,2,0.758,1,1,1,2,0.838,1,0,1,46.1,1
SIM-C00354,ai_prediction,1,1,0.935,1,1,0.822,1,1,0,1,0.895,1,0,1,29.0,1
SIM-C00355,ai_prediction,0,0,0.865,1,3,0.557,0,1,0,0,0.542,1,1,1,26.2,1
SIM-C00356,no_ai,0,0,0.89,1,3,0.348,0,0,0,3,0.348,0,0,0,28.6,1
SIM-C00357,ai_prediction,1,2,0.593,0,1,0.585,1,1,0,1,0.736,1,0,0,30.6,1
SIM-C00358,ai_prediction,4,4,0.876,1,4,0.626,1,1,0,4,0.636,1,0,1,29.9,1
SIM-C00359,ai_plus_explanation,4,0,0.713,0,1,0.61,0,1,1,0,0.631,0,1,1,51.2,1
SIM-C00360,no_ai,1,1,0.785,1,2,0.767,0,0,0,2,0.767,0,0,0,10.8,1
SIM-C00361,ai_prediction,2,2,0.903,1,3,0.819,0,1,0,2,0.924,1,1,1,37.5,1
SIM-C00362,ai_plus_explanation,0,0,0.788,1,0,0.766,1,1,1,0,0.809,1,0,1,43.9,1
SIM-C00363,no_ai,2,2,0.94,1,3,0.51,0,0,0,3,0.51,0,0,0,35.1,1
SIM-C00364,no_ai,0,0,0.834,1,0,0.99,1,0,0,0,0.99,1,0,1,13.1,1
SIM-C00365,ai_prediction,2,2,0.693,1,2,0.99,1,1,0,2,0.99,1,0,1,43.3,1
SIM-C00366,no_ai,1,1,0.874,1,1,0.777,1,0,0,1,0.777,1,0,1,32.4,1
SIM-C00367,ai_plus_explanation,1,1,0.766,1,1,0.8,1,1,1,1,0.802,1,0,1,42.9,1
SIM-C00368,ai_prediction,0,1,0.612,0,0,0.99,1,1,0,0,0.99,1,0,0,35.0,1
SIM-C00369,ai_prediction,0,2,0.638,0,0,0.99,1,1,0,2,0.99,0,1,1,37.0,1
SIM-C00370,ai_prediction,0,1,0.688,0,0,0.771,1,1,0,1,0.918,0,1,1,44.6,1
SIM-C00371,ai_prediction,3,3,0.694,1,0,0.434,0,1,0,3,0.569,1,1,1,39.8,1
SIM-C00372,ai_plus_explanation,0,0,0.76,1,0,0.99,1,1,1,0,0.975,1,0,1,39.2,1
SIM-C00373,ai_prediction,4,4,0.835,1,4,0.723,1,1,0,4,0.838,1,0,1,42.0,1
SIM-C00374,ai_plus_explanation,1,1,0.805,1,1,0.593,1,1,1,1,0.661,1,0,1,44.2,1
SIM-C00375,ai_plus_explanation,3,1,0.578,0,1,0.57,0,1,1,1,0.623,0,0,1,48.6,1
SIM-C00376,ai_prediction,2,2,0.875,1,2,0.951,1,1,0,2,0.99,1,0,1,49.6,1
SIM-C00377,ai_plus_explanation,1,1,0.843,1,1,0.642,1,1,1,1,0.668,1,0,1,60.8,1
SIM-C00378,ai_plus_explanation,0,0,0.872,1,0,0.762,1,1,0,0,0.839,1,0,1,37.2,1
SIM-C00379,ai_prediction,1,1,0.925,1,1,0.756,1,1,0,1,0.843,1,0,1,45.7,1
SIM-C00380,ai_plus_explanation,0,0,0.759,1,0,0.819,1,1,1,0,0.856,1,0,1,39.5,1
SIM-C00381,ai_prediction,4,3,0.804,0,1,0.901,0,1,0,1,0.99,0,0,0,44.0,1
SIM-C00382,ai_prediction,3,3,0.892,1,3,0.802,1,1,0,3,0.897,1,0,1,42.7,1
SIM-C00383,no_ai,3,3,0.821,1,3,0.657,1,0,0,3,0.657,1,0,1,28.3,1
SIM-C00384,ai_plus_explanation,2,2,0.832,1,0,0.678,0,1,1,0,0.792,0,0,0,39.5,1
SIM-C00385,ai_prediction,2,2,0.929,1,2,0.9,1,1,0,2,0.891,1,0,1,33.8,1
SIM-C00386,ai_prediction,0,2,0.685,0,0,0.742,1,1,0,0,0.745,1,0,0,27.4,1
SIM-C00387,no_ai,0,0,0.784,1,0,0.905,1,0,0,0,0.905,1,0,1,28.4,1
SIM-C00388,ai_prediction,0,1,0.543,0,0,0.648,1,1,0,0,0.711,1,0,0,38.6,1
SIM-C00389,no_ai,2,2,0.758,1,2,0.91,1,0,0,2,0.91,1,0,1,42.4,1
SIM-C00390,ai_plus_explanation,3,3,0.891,1,3,0.762,1,1,1,3,0.846,1,0,1,40.0,1
SIM-C00391,ai_plus_explanation,1,4,0.479,0,1,0.627,1,1,0,4,0.787,0,1,1,49.7,1
SIM-C00392,no_ai,2,3,0.652,0,3,0.659,0,0,0,3,0.659,0,0,1,27.8,1
SIM-C00393,ai_prediction,2,4,0.63,0,2,0.664,1,1,0,2,0.792,1,0,0,31.3,1
SIM-C00394,ai_plus_explanation,0,4,0.673,0,4,0.808,0,1,0,4,0.86,0,0,1,38.3,1
SIM-C00395,ai_prediction,0,0,0.817,1,1,0.6,0,1,0,1,0.641,0,0,0,47.0,1
SIM-C00396,ai_plus_explanation,0,0,0.747,1,3,0.474,0,1,1,3,0.471,0,0,0,46.9,1
SIM-C00397,ai_prediction,4,3,0.609,0,4,0.888,1,1,0,4,0.908,1,0,0,56.6,1
SIM-C00398,no_ai,2,2,0.82,1,2,0.806,1,0,0,2,0.806,1,0,1,50.2,1
SIM-C00399,no_ai,2,2,0.71,1,1,0.649,0,0,0,1,0.649,0,0,0,31.9,1
SIM-C00400,ai_plus_explanation,0,2,0.721,0,0,0.809,1,1,1,0,0.852,1,0,0,46.8,1
SIM-C00401,ai_prediction,0,0,0.99,1,3,0.553,0,1,0,0,0.642,1,1,1,49.1,1
SIM-C00402,ai_plus_explanation,0,0,0.843,1,0,0.64,1,1,1,0,0.717,1,0,1,46.0,1
SIM-C00403,no_ai,2,2,0.891,1,2,0.733,1,0,0,2,0.733,1,0,1,32.6,1
SIM-C00404,ai_prediction,0,0,0.681,1,1,0.745,0,1,0,1,0.745,0,0,0,25.6,1
SIM-C00405,ai_prediction,0,0,0.841,1,0,0.696,1,1,0,0,0.729,1,0,1,44.3,1
SIM-C00406,ai_plus_explanation,0,0,0.792,1,0,0.801,1,1,1,0,0.861,1,0,1,40.1,1
SIM-C00407,ai_prediction,4,4,0.739,1,4,0.748,1,1,0,4,0.896,1,0,1,20.1,1
SIM-C00408,no_ai,0,4,0.783,0,3,0.49,0,0,0,3,0.49,0,0,0,18.4,1
SIM-C00409,ai_prediction,4,4,0.609,1,4,0.934,1,1,0,4,0.99,1,0,1,38.7,1
SIM-C00410,ai_plus_explanation,3,3,0.616,1,3,0.648,1,1,0,3,0.63,1,0,1,39.0,1
SIM-C00411,no_ai,0,0,0.799,1,0,0.705,1,0,0,0,0.705,1,0,1,33.7,1
SIM-C00412,ai_plus_explanation,1,1,0.867,1,2,0.587,0,1,1,2,0.691,0,0,0,49.1,1
SIM-C00413,ai_prediction,0,0,0.789,1,2,0.706,0,1,0,2,0.751,0,0,0,27.2,1
SIM-C00414,no_ai,0,0,0.701,1,2,0.724,0,0,0,2,0.724,0,0,0,26.7,1
SIM-C00415,no_ai,0,0,0.623,1,0,0.65,1,0,0,0,0.65,1,0,1,16.6,1
SIM-C00416,no_ai,4,3,0.557,0,4,0.802,1,0,0,4,0.802,1,0,0,27.9,1
SIM-C00417,ai_prediction,2,2,0.83,1,2,0.767,1,1,0,2,0.861,1,0,1,52.7,1
SIM-C00418,ai_prediction,1,1,0.817,1,1,0.708,1,1,0,1,0.772,1,0,1,43.7,1
SIM-C00419,no_ai,0,0,0.906,1,0,0.578,1,0,0,0,0.578,1,0,1,28.5,1
SIM-C00420,ai_plus_explanation,3,3,0.713,1,1,0.596,0,1,1,3,0.713,1,1,1,55.0,1
SIM-C00421,ai_prediction,2,2,0.937,1,3,0.673,0,1,0,3,0.679,0,0,0,29.7,1
SIM-C00422,ai_prediction,0,2,0.684,0,0,0.787,1,1,0,0,0.732,1,0,0,36.9,1
SIM-C00423,ai_prediction,0,3,0.692,0,0,0.754,1,1,0,0,0.755,1,0,0,34.0,1
SIM-C00424,ai_prediction,2,4,0.74,0,2,0.783,1,1,0,2,0.826,1,0,0,36.5,1
SIM-C00425,no_ai,4,4,0.903,1,1,0.685,0,0,0,1,0.685,0,0,0,30.9,1
SIM-C00426,ai_plus_explanation,0,0,0.879,1,0,0.778,1,1,0,0,0.781,1,0,1,47.0,1
SIM-C00427,no_ai,0,0,0.796,1,0,0.624,1,0,0,0,0.624,1,0,1,30.9,1
SIM-C00428,no_ai,0,0,0.793,1,0,0.99,1,0,0,0,0.99,1,0,1,31.6,1
SIM-C00429,no_ai,0,0,0.907,1,4,0.617,0,0,0,4,0.617,0,0,0,19.5,1
SIM-C00430,ai_prediction,2,2,0.682,1,2,0.691,1,1,0,2,0.739,1,0,1,27.4,1
SIM-C00431,ai_plus_explanation,1,1,0.744,1,1,0.869,1,1,1,1,0.836,1,0,1,41.5,1
SIM-C00432,ai_plus_explanation,0,1,0.814,0,0,0.87,1,1,0,0,0.865,1,0,0,47.6,1
SIM-C00433,ai_prediction,2,2,0.704,1,2,0.853,1,1,0,2,0.927,1,0,1,33.6,1
SIM-C00434,ai_plus_explanation,0,0,0.921,1,0,0.822,1,1,1,0,0.914,1,0,1,42.8,1
SIM-C00435,ai_prediction,0,0,0.776,1,0,0.839,1,1,0,0,0.858,1,0,1,31.8,1
SIM-C00436,ai_plus_explanation,0,0,0.742,1,2,0.718,0,1,1,0,0.896,1,1,1,42.7,1
SIM-C00437,ai_prediction,2,2,0.923,1,2,0.99,1,1,0,2,0.99,1,0,1,37.1,1
SIM-C00438,ai_prediction,3,3,0.576,1,2,0.621,0,1,0,3,0.85,1,1,1,45.1,1
SIM-C00439,no_ai,0,0,0.643,1,3,0.772,0,0,0,3,0.772,0,0,0,35.7,1
SIM-C00440,no_ai,0,0,0.88,1,0,0.806,1,0,0,0,0.806,1,0,1,24.1,1
SIM-C00441,no_ai,0,0,0.718,1,0,0.897,1,0,0,0,0.897,1,0,1,23.6,1
SIM-C00442,ai_plus_explanation,2,1,0.689,0,3,0.693,0,1,1,3,0.775,0,0,0,57.3,1
SIM-C00443,no_ai,0,0,0.931,1,3,0.602,0,0,0,3,0.602,0,0,0,30.5,1
SIM-C00444,ai_prediction,1,1,0.688,1,1,0.892,1,1,0,1,0.984,1,0,1,26.3,1
SIM-C00445,ai_prediction,3,3,0.749,1,3,0.768,1,1,0,3,0.703,1,0,1,41.5,1
SIM-C00446,ai_plus_explanation,0,0,0.73,1,0,0.761,1,1,1,0,0.733,1,0,1,50.9,1
SIM-C00447,ai_plus_explanation,0,0,0.886,1,0,0.702,1,1,0,0,0.734,1,0,1,30.5,1
SIM-C00448,ai_prediction,0,0,0.853,1,0,0.594,1,1,0,0,0.698,1,0,1,45.8,1
SIM-C00449,ai_plus_explanation,4,4,0.789,1,4,0.625,1,1,1,4,0.693,1,0,1,41.0,1
SIM-C00450,ai_prediction,0,0,0.824,1,0,0.876,1,1,0,0,0.913,1,0,1,33.7,1
SIM-C00451,ai_prediction,0,0,0.756,1,0,0.827,1,1,0,0,0.793,1,0,1,44.0,1
SIM-C00452,ai_plus_explanation,0,0,0.934,1,0,0.691,1,1,1,0,0.825,1,0,1,48.5,1
SIM-C00453,ai_prediction,2,2,0.983,1,2,0.771,1,1,0,2,0.824,1,0,1,44.2,1
SIM-C00454,ai_prediction,0,0,0.783,1,1,0.807,0,1,0,1,0.84,0,0,0,24.1,1
SIM-C00455,ai_plus_explanation,1,1,0.751,1,2,0.449,0,1,0,1,0.601,1,1,1,33.1,1
SIM-C00456,no_ai,4,4,0.99,1,4,0.785,1,0,0,4,0.785,1,0,1,38.1,1
SIM-C00457,no_ai,2,2,0.949,1,0,0.852,0,0,0,0,0.852,0,0,0,40.6,1
SIM-C00458,no_ai,0,0,0.814,1,0,0.834,1,0,0,0,0.834,1,0,1,24.7,1
SIM-C00459,no_ai,0,3,0.453,0,0,0.595,1,0,0,0,0.595,1,0,0,40.1,1
SIM-C00460,ai_plus_explanation,0,0,0.78,1,0,0.919,1,1,0,0,0.99,1,0,1,27.6,1
SIM-C00461,ai_plus_explanation,0,0,0.817,1,1,0.716,0,1,1,1,0.83,0,0,0,41.8,1
SIM-C00462,no_ai,2,4,0.785,0,1,0.576,0,0,0,1,0.576,0,0,0,23.3,1
SIM-C00463,ai_plus_explanation,0,1,0.571,0,1,0.517,0,1,0,1,0.609,0,0,1,53.7,1
SIM-C00464,no_ai,0,0,0.807,1,0,0.86,1,0,0,0,0.86,1,0,1,36.0,1
SIM-C00465,no_ai,0,0,0.99,1,0,0.734,1,0,0,0,0.734,1,0,1,32.5,1
SIM-C00466,no_ai,4,4,0.928,1,4,0.729,1,0,0,4,0.729,1,0,1,35.5,1
SIM-C00467,ai_plus_explanation,0,0,0.65,1,2,0.649,0,1,1,0,0.794,1,1,1,38.5,1
SIM-C00468,ai_plus_explanation,0,0,0.783,1,3,0.574,0,1,1,0,0.732,1,1,1,33.4,1
SIM-C00469,ai_plus_explanation,0,0,0.99,1,0,0.767,1,1,1,0,0.87,1,0,1,28.2,1
SIM-C00470,ai_plus_explanation,2,4,0.687,0,1,0.503,0,1,1,4,0.612,0,1,1,48.0,1
SIM-C00471,no_ai,1,0,0.692,0,1,0.731,1,0,0,1,0.731,1,0,0,11.4,1
SIM-C00472,ai_prediction,3,3,0.716,1,3,0.871,1,1,0,3,0.898,1,0,1,40.8,1
SIM-C00473,ai_prediction,3,3,0.775,1,3,0.956,1,1,0,3,0.99,1,0,1,27.8,1
SIM-C00474,no_ai,0,0,0.866,1,0,0.795,1,0,0,0,0.795,1,0,1,36.2,1
SIM-C00475,ai_prediction,3,0,0.499,0,2,0.543,0,1,0,2,0.585,0,0,0,32.5,1
SIM-C00476,ai_plus_explanation,0,0,0.835,1,0,0.885,1,1,1,0,0.902,1,0,1,46.4,1
SIM-C00477,no_ai,0,0,0.783,1,1,0.477,0,0,0,1,0.477,0,0,0,29.6,1
SIM-C00478,no_ai,0,0,0.81,1,4,0.664,0,0,0,4,0.664,0,0,0,28.5,1
SIM-C00479,no_ai,1,1,0.745,1,1,0.706,1,0,0,1,0.706,1,0,1,30.3,1
SIM-C00480,ai_plus_explanation,0,0,0.877,1,0,0.803,1,1,0,0,0.878,1,0,1,38.8,1
SIM-C00481,ai_plus_explanation,0,4,0.642,0,0,0.761,1,1,0,4,0.871,0,1,1,41.4,1
SIM-C00482,no_ai,0,0,0.879,1,0,0.81,1,0,0,0,0.81,1,0,1,29.2,1
SIM-C00483,ai_plus_explanation,2,2,0.857,1,2,0.621,1,1,1,2,0.718,1,0,1,50.1,1
SIM-C00484,ai_plus_explanation,2,2,0.814,1,2,0.709,1,1,1,2,0.776,1,0,1,50.4,1
SIM-C00485,ai_prediction,3,3,0.798,1,3,0.658,1,1,0,3,0.659,1,0,1,44.8,1
SIM-C00486,ai_prediction,0,1,0.649,0,3,0.516,0,1,0,1,0.585,0,1,1,37.2,1
SIM-C00487,ai_plus_explanation,0,0,0.89,1,0,0.826,1,1,1,0,0.902,1,0,1,48.1,1
SIM-C00488,no_ai,2,2,0.873,1,2,0.947,1,0,0,2,0.947,1,0,1,20.2,1
SIM-C00489,no_ai,0,0,0.798,1,0,0.969,1,0,0,0,0.969,1,0,1,43.2,1
SIM-C00490,ai_prediction,2,2,0.723,1,0,0.642,0,1,0,0,0.703,0,0,0,51.6,1
SIM-C00491,no_ai,0,0,0.746,1,0,0.83,1,0,0,0,0.83,1,0,1,24.1,1
SIM-C00492,ai_prediction,0,0,0.684,1,0,0.972,1,1,0,0,0.99,1,0,1,42.4,1
SIM-C00493,ai_prediction,0,0,0.97,1,0,0.582,1,1,0,0,0.62,1,0,1,37.9,1
SIM-C00494,no_ai,2,2,0.834,1,4,0.514,0,0,0,4,0.514,0,0,0,40.3,1
SIM-C00495,ai_prediction,3,3,0.702,1,3,0.712,1,1,0,3,0.813,1,0,1,35.8,1
SIM-C00496,ai_plus_explanation,0,0,0.774,1,1,0.734,0,1,1,1,0.715,0,0,0,41.1,1
SIM-C00497,no_ai,0,4,0.573,0,0,0.608,1,0,0,0,0.608,1,0,0,21.0,1
SIM-C00498,no_ai,1,1,0.878,1,2,0.5,0,0,0,2,0.5,0,0,0,31.0,1
SIM-C00499,ai_prediction,0,0,0.906,1,0,0.79,1,1,0,0,0.91,1,0,1,36.3,1
SIM-C00500,ai_plus_explanation,0,0,0.853,1,0,0.99,1,1,0,0,0.99,1,0,1,39.4,1
SIM-C00501,ai_prediction,3,3,0.776,1,3,0.569,1,1,0,3,0.596,1,0,1,42.4,1
SIM-C00502,no_ai,0,3,0.683,0,0,0.823,1,0,0,0,0.823,1,0,0,28.2,1
SIM-C00503,ai_plus_explanation,1,1,0.629,1,2,0.401,0,1,1,2,0.504,0,0,0,49.5,1
SIM-C00504,no_ai,1,0,0.66,0,1,0.777,1,0,0,1,0.777,1,0,0,13.5,1
SIM-C00505,ai_plus_explanation,3,3,0.769,1,3,0.702,1,1,0,3,0.701,1,0,1,14.1,1
SIM-C00506,no_ai,0,0,0.901,1,2,0.37,0,0,0,2,0.37,0,0,0,37.8,1
SIM-C00507,ai_prediction,4,4,0.667,1,4,0.615,1,1,0,4,0.61,1,0,1,46.0,1
SIM-C00508,no_ai,0,0,0.796,1,0,0.863,1,0,0,0,0.863,1,0,1,25.3,1
SIM-C00509,ai_prediction,0,0,0.737,1,0,0.793,1,1,0,0,0.813,1,0,1,39.3,1
SIM-C00510,ai_plus_explanation,0,0,0.869,1,0,0.82,1,1,0,0,0.933,1,0,1,45.8,1
SIM-C00511,no_ai,0,0,0.9,1,0,0.73,1,0,0,0,0.73,1,0,1,25.6,1
SIM-C00512,ai_plus_explanation,0,2,0.664,0,0,0.633,1,1,1,0,0.628,1,0,0,50.3,1
SIM-C00513,ai_plus_explanation,0,0,0.657,1,0,0.698,1,1,1,0,0.755,1,0,1,43.3,1
SIM-C00514,no_ai,4,4,0.902,1,4,0.747,1,0,0,4,0.747,1,0,1,28.3,1
SIM-C00515,ai_prediction,0,0,0.911,1,0,0.709,1,1,0,0,0.754,1,0,1,37.6,1
SIM-C00516,no_ai,0,0,0.737,1,0,0.887,1,0,0,0,0.887,1,0,1,27.6,1
SIM-C00517,no_ai,0,4,0.786,0,0,0.933,1,0,0,0,0.933,1,0,0,35.7,1
SIM-C00518,ai_prediction,0,0,0.847,1,0,0.692,1,1,0,0,0.731,1,0,1,41.1,1
SIM-C00519,no_ai,2,0,0.457,0,2,0.659,1,0,0,2,0.659,1,0,0,35.1,1
SIM-C00520,no_ai,0,0,0.75,1,0,0.584,1,0,0,0,0.584,1,0,1,19.4,1
SIM-C00521,no_ai,0,0,0.958,1,0,0.732,1,0,0,0,0.732,1,0,1,30.2,1
SIM-C00522,ai_plus_explanation,1,1,0.826,1,1,0.873,1,1,0,1,0.937,1,0,1,38.1,1
SIM-C00523,ai_plus_explanation,0,0,0.739,1,0,0.99,1,1,1,0,0.99,1,0,1,29.1,1
SIM-C00524,no_ai,4,4,0.811,1,4,0.792,1,0,0,4,0.792,1,0,1,39.4,1
SIM-C00525,ai_plus_explanation,1,1,0.936,1,1,0.695,1,1,1,1,0.782,1,0,1,46.3,1
SIM-C00526,ai_prediction,3,2,0.497,0,1,0.608,0,1,0,2,0.773,0,1,1,42.7,1
SIM-C00527,no_ai,4,4,0.879,1,4,0.785,1,0,0,4,0.785,1,0,1,15.1,1
SIM-C00528,ai_prediction,0,0,0.94,1,0,0.599,1,1,0,0,0.614,1,0,1,40.1,1
SIM-C00529,ai_prediction,1,1,0.708,1,1,0.584,1,1,0,1,0.628,1,0,1,25.6,1
SIM-C00530,no_ai,0,1,0.694,0,0,0.539,1,0,0,0,0.539,1,0,0,29.8,1
SIM-C00531,no_ai,0,0,0.801,1,0,0.964,1,0,0,0,0.964,1,0,1,42.3,1
SIM-C00532,no_ai,2,2,0.769,1,2,0.897,1,0,0,2,0.897,1,0,1,45.8,1
SIM-C00533,no_ai,4,4,0.856,1,3,0.826,0,0,0,3,0.826,0,0,0,35.3,1
SIM-C00534,no_ai,0,4,0.838,0,0,0.654,1,0,0,0,0.654,1,0,0,26.6,1
SIM-C00535,ai_prediction,0,0,0.746,1,1,0.528,0,1,0,1,0.526,0,0,0,29.9,1
SIM-C00536,ai_plus_explanation,2,2,0.674,1,0,0.59,0,1,1,0,0.626,0,0,0,44.8,1
SIM-C00537,ai_prediction,2,2,0.882,1,2,0.587,1,1,0,2,0.619,1,0,1,32.9,1
SIM-C00538,ai_plus_explanation,2,2,0.826,1,2,0.856,1,1,0,2,0.856,1,0,1,28.7,1
SIM-C00539,ai_plus_explanation,2,0,0.382,0,2,0.744,1,1,1,2,0.864,1,0,0,45.3,1
SIM-C00540,ai_plus_explanation,0,0,0.751,1,2,0.561,0,1,0,0,0.64,1,1,1,51.5,1
SIM-C00541,ai_prediction,0,0,0.772,1,0,0.656,1,1,0,0,0.751,1,0,1,35.5,1
SIM-C00542,ai_plus_explanation,0,0,0.974,1,0,0.709,1,1,1,0,0.803,1,0,1,52.4,1
SIM-C00543,ai_plus_explanation,2,1,0.625,0,2,0.96,1,1,0,2,0.984,1,0,0,18.2,1
SIM-C00544,no_ai,2,2,0.743,1,2,0.795,1,0,0,2,0.795,1,0,1,14.4,1
SIM-C00545,ai_plus_explanation,0,0,0.916,1,0,0.978,1,1,1,0,0.947,1,0,1,28.9,1
SIM-C00546,no_ai,0,0,0.766,1,0,0.718,1,0,0,0,0.718,1,0,1,37.1,1
SIM-C00547,ai_prediction,2,3,0.675,0,2,0.836,1,1,0,2,0.99,1,0,0,39.2,1
SIM-C00548,ai_plus_explanation,0,0,0.822,1,0,0.796,1,1,1,0,0.79,1,0,1,41.0,1
SIM-C00549,ai_prediction,0,0,0.796,1,1,0.823,0,1,0,1,0.885,0,0,0,30.9,1
SIM-C00550,ai_prediction,1,1,0.779,1,1,0.846,1,1,0,1,0.837,1,0,1,24.0,1
SIM-C00551,ai_prediction,0,1,0.574,0,4,0.621,0,1,0,4,0.727,0,0,0,41.8,1
SIM-C00552,no_ai,0,3,0.687,0,0,0.805,1,0,0,0,0.805,1,0,0,28.6,1
SIM-C00553,no_ai,2,2,0.919,1,2,0.755,1,0,0,2,0.755,1,0,1,45.7,1
SIM-C00554,ai_prediction,0,3,0.455,0,0,0.922,1,1,0,3,0.96,0,1,1,44.8,1
SIM-C00555,ai_prediction,0,0,0.715,1,0,0.71,1,1,0,0,0.761,1,0,1,38.4,1
SIM-C00556,ai_plus_explanation,3,3,0.693,1,3,0.725,1,1,0,3,0.74,1,0,1,46.2,1
SIM-C00557,ai_prediction,0,4,0.678,0,0,0.721,1,1,0,4,0.765,0,1,1,38.0,1
SIM-C00558,ai_plus_explanation,2,2,0.896,1,2,0.765,1,1,1,2,0.73,1,0,1,38.2,1
SIM-C00559,ai_plus_explanation,3,0,0.558,0,3,0.688,1,1,1,3,0.758,1,0,0,49.6,1
SIM-C00560,ai_plus_explanation,3,3,0.678,1,2,0.595,0,1,1,3,0.67,1,1,1,41.9,1
SIM-C00561,ai_prediction,2,2,0.783,1,2,0.783,1,1,0,2,0.788,1,0,1,43.8,1
SIM-C00562,ai_prediction,0,0,0.792,1,4,0.722,0,1,0,4,0.715,0,0,0,40.4,1
SIM-C00563,ai_prediction,0,0,0.757,1,4,0.477,0,1,0,4,0.564,0,0,0,36.7,1
SIM-C00564,no_ai,4,4,0.899,1,4,0.834,1,0,0,4,0.834,1,0,1,38.5,1
SIM-C00565,ai_plus_explanation,2,3,0.539,0,2,0.67,1,1,1,2,0.76,1,0,0,48.3,1
SIM-C00566,ai_prediction,0,0,0.708,1,3,0.574,0,1,0,0,0.609,1,1,1,42.0,1
SIM-C00567,ai_prediction,3,3,0.786,1,0,0.529,0,1,0,0,0.587,0,0,0,47.6,1
SIM-C00568,no_ai,2,2,0.82,1,2,0.591,1,0,0,2,0.591,1,0,1,22.8,1
SIM-C00569,no_ai,1,2,0.602,0,1,0.82,1,0,0,1,0.82,1,0,0,34.5,1
SIM-C00570,ai_plus_explanation,4,4,0.99,1,4,0.869,1,1,0,4,0.881,1,0,1,38.8,1
SIM-C00571,no_ai,0,0,0.929,1,0,0.808,1,0,0,0,0.808,1,0,1,25.0,1
SIM-C00572,ai_plus_explanation,0,0,0.674,1,3,0.753,0,1,1,0,0.872,1,1,1,54.6,1
SIM-C00573,ai_prediction,0,1,0.684,0,0,0.841,1,1,0,1,0.839,0,1,1,37.1,1
SIM-C00574,no_ai,2,2,0.969,1,2,0.65,1,0,0,2,0.65,1,0,1,42.2,1
SIM-C00575,no_ai,0,0,0.865,1,0,0.802,1,0,0,0,0.802,1,0,1,32.7,1
SIM-C00576,ai_prediction,0,1,0.802,0,0,0.716,1,1,0,0,0.777,1,0,0,19.5,1
SIM-C00577,ai_plus_explanation,0,3,0.767,0,1,0.517,0,1,1,1,0.505,0,0,0,56.1,1
SIM-C00578,no_ai,3,3,0.792,1,3,0.847,1,0,0,3,0.847,1,0,1,30.0,1
SIM-C00579,no_ai,2,4,0.509,0,2,0.667,1,0,0,2,0.667,1,0,0,36.0,1
SIM-C00580,ai_prediction,4,4,0.657,1,4,0.717,1,1,0,4,0.723,1,0,1,40.1,1
SIM-C00581,ai_plus_explanation,1,4,0.738,0,1,0.764,1,1,1,1,0.874,1,0,0,63.8,1
SIM-C00582,no_ai,0,0,0.689,1,3,0.601,0,0,0,3,0.601,0,0,0,36.0,1
SIM-C00583,ai_prediction,0,1,0.762,0,0,0.97,1,1,0,1,0.99,0,1,1,50.7,1
SIM-C00584,no_ai,0,0,0.776,1,0,0.888,1,0,0,0,0.888,1,0,1,37.2,1
SIM-C00585,no_ai,2,2,0.918,1,2,0.711,1,0,0,2,0.711,1,0,1,54.4,1
SIM-C00586,ai_prediction,0,3,0.617,0,0,0.732,1,1,0,0,0.824,1,0,0,45.1,1
SIM-C00587,ai_plus_explanation,0,0,0.906,1,0,0.39,1,1,0,0,0.428,1,0,1,40.4,1
SIM-C00588,ai_plus_explanation,1,1,0.99,1,3,0.526,0,1,1,1,0.644,1,1,1,28.7,1
SIM-C00589,ai_plus_explanation,4,1,0.594,0,1,0.707,0,1,1,1,0.772,0,0,1,47.0,1
SIM-C00590,ai_prediction,2,2,0.704,1,0,0.756,0,1,0,0,0.805,0,0,0,37.9,1
SIM-C00591,ai_plus_explanation,2,2,0.75,1,2,0.872,1,1,0,2,0.826,1,0,1,30.5,1
SIM-C00592,no_ai,0,3,0.515,0,0,0.769,1,0,0,0,0.769,1,0,0,13.3,1
SIM-C00593,ai_prediction,0,2,0.535,0,0,0.953,1,1,0,0,0.9,1,0,0,20.0,1
SIM-C00594,ai_plus_explanation,3,3,0.721,1,3,0.922,1,1,1,3,0.962,1,0,1,26.2,1
SIM-C00595,no_ai,0,3,0.594,0,3,0.739,0,0,0,3,0.739,0,0,1,31.0,1
SIM-C00596,ai_prediction,1,3,0.743,0,3,0.715,0,1,0,3,0.796,0,0,1,43.5,1
SIM-C00597,no_ai,2,2,0.892,1,2,0.646,1,0,0,2,0.646,1,0,1,31.8,1
SIM-C00598,ai_prediction,2,2,0.736,1,4,0.688,0,1,0,4,0.76,0,0,0,51.2,1
SIM-C00599,ai_prediction,1,1,0.802,1,1,0.894,1,1,0,1,0.965,1,0,1,37.0,1
SIM-C00600,no_ai,0,0,0.873,1,1,0.565,0,0,0,1,0.565,0,0,0,31.6,1
